Study Variable,Study Form Name,Extracted CRF Name,Matched HEAL Core CRF,Exact/CRF Match Result,Exact Match CDE Name,Close Match Result,Best Close Match CDE Name,Data Type Result,PV/Encoding Result,PV Similarity Score,Final Match Type
equipdid,equipd id,Participant ID Assignment Form,No CRF match,Not in CDE,,No Close Match Found,,No Comparison Possible,No Comparison Possible,,No Match
redcap_event_name,redcap event name,REDCap Event Naming,No CRF match,Not in CDE,,No Close Match Found,,No Comparison Possible,No Comparison Possible,,No Match
redcap_repeat_instrument,redcap repeat instrument name,REDCap Repeat Instrument,No CRF match,Not in CDE,,No Close Match Found,,No Comparison Possible,No Comparison Possible,,No Match
redcap_repeat_instance,redcap repeat instance,REDCap Repeat Instrument,No CRF match,Not in CDE,,No Close Match Found,,No Comparison Possible,No Comparison Possible,,No Match
eligdate,eligibility date,Eligibility Criteria,No CRF match,Not in CDE,,No Close Match Found,,No Comparison Possible,No Comparison Possible,,No Match
consentdate,consent date,Informed Consent Form,No CRF match,Not in CDE,,No Close Match Found,,No Comparison Possible,No Comparison Possible,,No Match
intrvdate,baseline assessment interview date,Baseline Assessment Interview,No CRF match,Not in CDE,,No Close Match Found,,No Comparison Possible,No Comparison Possible,,No Match
bpipainseverityscore_n,bpi pain severity score variables count,Brief Pain Inventory (BPI),BPI Pain Severity,Not in CDE,,Close Match: bpipainseverityscore (CRF Mismatch),Brief Pain Inventory (BPI) - pain severity subscale score,No Comparison Possible,No Comparison Possible,,Close
bpipainseverityscore_nmiss,bpi pain severity score variables missing count,Brief Pain Inventory (BPI),BPI Pain Severity,Not in CDE,,Close Match: bpipainseverityscore (CRF Mismatch),Brief Pain Inventory (BPI) - pain severity subscale score,No Comparison Possible,No Comparison Possible,,Close
bpipainseverityscore,brief pain inventory (bpi) - pain severity subscale score,Brief Pain Inventory (BPI),BPI Pain Severity,Wrong CRF,,Close Match: bpipainseverityscore (CRF Mismatch),,Match,Close PV/Encoding Match: bpipainseverityscore (Score: 100.0),100,No Match
bpiwrstpnlast24hrtngscl,brief pain inventory (bpi) - worst pain last 24 hour rating scale,Brief Pain Inventory (BPI),Brief Pain Inventory (BPI),Not in CDE,,No Close Match Found,Brief Pain Inventory (BPI) - worst pain rating scale,No Comparison Possible,No Comparison Possible,,Close
bpileastpnlst24hrtngscl,brief pain inventory (bpi) - least pain last 24 hour rating scale,Brief Pain Inventory (BPI),Brief Pain Inventory (BPI),Not in CDE,,No Close Match Found,Brief Pain Inventory (BPI) - least pain rating scale,No Comparison Possible,No Comparison Possible,,Close
bpiavgpainrtngscl,brief pain inventory (bpi) - average pain rating scale,Brief Pain Inventory (BPI),Brief Pain Inventory (BPI),Not in CDE,,Close Match: bpiavgpainratingscl (CRF Mismatch),Brief Pain Inventory (BPI) - average pain rating scale,No Comparison Possible,No Comparison Possible,,Close
bpicurrentpainrtngscl,brief pain inventory (bpi) - current pain rating scale,Brief Pain Inventory (BPI),Brief Pain Inventory (BPI),Not in CDE,,Close Match: bpicurrentpainratingscl (CRF Mismatch),Brief Pain Inventory (BPI) - current pain rating scale,No Comparison Possible,No Comparison Possible,,Close
bpipainintfrgnrlactvtyscl,brief pain inventory (bpi) - pain general activity interference scale,Brief Pain Inventory (BPI),Brief Pain Inventory (BPI),Not in CDE,,No Close Match Found,,No Comparison Possible,No Comparison Possible,,No Match
bpipainintfrmoodscl,brief pain inventory (bpi) - pain mood interference scale,Brief Pain Inventory (BPI),Brief Pain Inventory (BPI),Not in CDE,,No Close Match Found,,No Comparison Possible,No Comparison Possible,,No Match
bpipainintfrwlkablscl,brief pain inventory (bpi) - pain walking ability interference scale,Brief Pain Inventory (BPI),Brief Pain Inventory (BPI),Not in CDE,,No Close Match Found,,No Comparison Possible,No Comparison Possible,,No Match
bpipainnrmlwrkintrfrscl,brief pain inventory (bpi) - pain normal work interference scale,Brief Pain Inventory (BPI),Brief Pain Inventory (BPI),Not in CDE,,No Close Match Found,,No Comparison Possible,No Comparison Possible,,No Match
bpipainrelationsintrfrscl,brief pain inventory (bpi) - pain relations interference scale,Brief Pain Inventory (BPI),Brief Pain Inventory (BPI),Not in CDE,,No Close Match Found,,No Comparison Possible,No Comparison Possible,,No Match
bpipainsleepintrfrscl,brief pain inventory (bpi) - pain sleep interference scale,Brief Pain Inventory (BPI),Brief Pain Inventory (BPI),Not in CDE,,No Close Match Found,,No Comparison Possible,No Comparison Possible,,No Match
bpipainenjoymntintrfrscl,brief pain inventory (bpi) - pain enjoyment interference scale,Brief Pain Inventory (BPI),Brief Pain Inventory (BPI),Not in CDE,,No Close Match Found,,No Comparison Possible,No Comparison Possible,,No Match
bpipainintrfrscore_n,bpi pain interference score variables count,Brief Pain Inventory (BPI),Brief Pain Inventory (BPI),Not in CDE,,No Close Match Found,Brief Pain Inventory (BPI) - pain severity subscale score,No Comparison Possible,No Comparison Possible,,Close
bpipainintrfrscore_nmiss,bpi pain interference score missing variables count,Brief Pain Inventory (BPI),Brief Pain Inventory (BPI),Not in CDE,,No Close Match Found,,No Comparison Possible,No Comparison Possible,,No Match
bpipainintrfrscore,brief pain inventory (bpi) - pain interference subscale score,Brief Pain Inventory (BPI),Brief Pain Inventory (BPI),Not in CDE,,No Close Match Found,Brief Pain Inventory (BPI) - pain severity subscale score,No Comparison Possible,No Comparison Possible,,Close
bpi_total_n,bpi pain total score variables count,Brief Pain Inventory (BPI),Brief Pain Inventory (BPI),Not in CDE,,No Close Match Found,,No Comparison Possible,No Comparison Possible,,No Match
bpi_total_nmiss,bpi pain total score missing variables count,Brief Pain Inventory (BPI),Brief Pain Inventory (BPI),Not in CDE,,No Close Match Found,,No Comparison Possible,No Comparison Possible,,No Match
bpi_total,brief pain inventory (bpi) - pain total score,Brief Pain Inventory (BPI),Brief Pain Inventory (BPI),Not in CDE,,No Close Match Found,,No Comparison Possible,No Comparison Possible,,No Match
age,age ,Demographics Form,Demographics,Wrong CRF,,Close Match: age (CRF Mismatch),,Match,Both PV/Encoding missing,,No Match
edulevel,education level type,Education Level Assessment,Demographics,Wrong CRF,,Close Match: edulevel (CRF Mismatch),,Match,"PV Mismatch: True, Encoding Mismatch: True",,Mismatch
edulevel_2,"doctoral or postgraduate education, specify which:",Education Level Specification,Demographics,Not in CDE,,Close Match: edulevel (CRF Mismatch),Education level type,No Comparison Possible,No Comparison Possible,,Close
empstat_4,are you a student,Student Status Questionnaire,No CRF match,Not in CDE,,Close Match: empstat (CRF Mismatch),Employment status,No Comparison Possible,No Comparison Possible,,Close
"ai_an





",race,Race,Demographics,Not in CDE,,No Close Match Found,Race,No Comparison Possible,No Comparison Possible,,Close
asian,race,Race,Demographics,Wrong CRF,,Close Match: asian (CRF Mismatch),,Match,Close PV/Encoding Match: ai_an (Score: 100.0),100,No Match
disabinsind,disability insurance pain indicator,Disability Insurance Application Status,No CRF match,Wrong CRF,,Close Match: disabinsind (CRF Mismatch),,Match,"PV Mismatch: True, Encoding Mismatch: True",,Mismatch
paindur,pain duration value,Pain Duration Assessment,No CRF match,Wrong CRF,,Close Match: paindur (CRF Mismatch),,Match,Both PV/Encoding missing,,No Match
demruca1,rural-urban commuting area (ruca) codes - primary code,Rural-Urban Commuting Area (RUCA),No CRF match,Wrong CRF,,Close Match: demruca1 (CRF Mismatch),,Match,Close PV/Encoding Match: demruca1 (Score: 100.0),100,No Match
demruca2,rural-urban commuting area (ruca) codes - secondary code,Rural-Urban Commuting Area (RUCA),No CRF match,Wrong CRF,,Close Match: demruca2 (CRF Mismatch),,Match,Close PV/Encoding Match: demruca2 (Score: 100.0),100,No Match
randomize,patient randomized,Randomization Form,No CRF match,Not in CDE,,No Close Match Found,,No Comparison Possible,No Comparison Possible,,No Match
randomizedate,date of randomization,Randomization Form,No CRF match,Not in CDE,,No Close Match Found,,No Comparison Possible,No Comparison Possible,,No Match
intrvdate_1,month-3 interview/assessment date,Month-3 Interview,No CRF match,Not in CDE,,No Close Match Found,,No Comparison Possible,No Comparison Possible,,No Match
coach_satisf,only applicable to coaching group,3 Month Coaching Group Assessment,No CRF match,Not in CDE,,No Close Match Found,,No Comparison Possible,No Comparison Possible,,No Match
cs3coachingsessions,participant satisfaction with coaching sessions,Coaching Session Satisfaction Survey,No CRF match,Not in CDE,,No Close Match Found,,No Comparison Possible,No Comparison Possible,,No Match
cs3yourcoach,participant satisfaction with coach,Coach Satisfaction Questionnaire,No CRF match,Not in CDE,,No Close Match Found,,No Comparison Possible,No Comparison Possible,,No Match
intrvdate_2,month-6 assessment/interview date,Month-6 Assessment,No CRF match,Not in CDE,,No Close Match Found,,No Comparison Possible,No Comparison Possible,,No Match
bl_aa,race,Race,Demographics,Wrong CRF,,Close Match: bl_aa (CRF Mismatch),,Match,Close PV/Encoding Match: ai_an (Score: 100.0),100,No Match
nh_pi,race,Race,Demographics,Wrong CRF,,Close Match: nh_pi (CRF Mismatch),,Match,Close PV/Encoding Match: ai_an (Score: 100.0),100,No Match
white,race,Race,Demographics,Wrong CRF,,Close Match: white (CRF Mismatch),,Match,Close PV/Encoding Match: ai_an (Score: 100.0),100,No Match
unkn,race,Race,Demographics,Wrong CRF,,Close Match: unkn (CRF Mismatch),,Match,Close PV/Encoding Match: ai_an (Score: 100.0),100,No Match
ethnic,ethnicity category,Ethnicity Questionnaire,Demographics,Wrong CRF,,Close Match: ethnic (CRF Mismatch),,Match,Close PV/Encoding Match: ethnic (Score: 100.0),100,No Match
sex,sex birth type,Birth Sex,Demographics,Wrong CRF,,Close Match: sex (CRF Mismatch),,Match,Close PV/Encoding Match: sex (Score: 100.0),100,No Match
genident,gender identification type,Gender Identification Questionnaire,Demographics,Wrong CRF,,Close Match: genident (CRF Mismatch),,Match,Close PV/Encoding Match: genident (Score: 100.0),100,No Match
maristat,marital response status,Marital Status Questionnaire,Demographics,Wrong CRF,,Close Match: maristat (CRF Mismatch),,Match,"PV Mismatch: True, Encoding Mismatch: True",,Mismatch
maristatoth,marital response status other,Marital Status,Demographics,Not in CDE,,Close Match: maristat (CRF Mismatch),Marital response status,No Comparison Possible,No Comparison Possible,,Close
gad2feelnervscl,generalized anxiety disorder (gad-7) - feeling nervous scale ,Generalized Anxiety Disorder 7-item (GAD-7),Generalized Anxiety Disorder (GAD2),Wrong CRF,,Close Match: gad2feelnervscl (CRF Mismatch),,Match,Close PV/Encoding Match: gad2feelnervscale (Score: 100.0),100,No Match
gad2notstopwryscl,generalized anxiety disorder (gad-7) - not stop worry scale,Generalized Anxiety Disorder (GAD-7),Generalized Anxiety Disorder (GAD2),Wrong CRF,,Close Match: gad2notstopwryscl (CRF Mismatch),,Match,Close PV/Encoding Match: gad2notstopwryscl (Score: 100.0),100,No Match
gad7wrytoomchscl,generalized anxiety disorder (gad-7) - worry too much scale,Generalized Anxiety Disorder 7-item (GAD-7),Generalized Anxiety Disorder (GAD2),Wrong CRF,,Close Match: gad7wrytoomchscl (CRF Mismatch),,Match,Close PV/Encoding Match: gad2notstopwryscl (Score: 100.0),100,No Match
gad7troubrelxscl,generalized anxiety disorder (gad-7) - trouble relax scale,Generalized Anxiety Disorder 7-item (GAD-7),Generalized Anxiety Disorder (GAD2),Wrong CRF,,Close Match: gad7troubrelxscl (CRF Mismatch),,Match,Close PV/Encoding Match: gad2notstopwryscl (Score: 100.0),100,No Match
gad7rstlessscl,generalized anxiety disorder (gad-7) - restless scale,Generalized Anxiety Disorder (GAD-7),Generalized Anxiety Disorder (GAD2),Wrong CRF,,Close Match: gad7rstlessscl (CRF Mismatch),,Match,Close PV/Encoding Match: gad2notstopwryscl (Score: 100.0),100,No Match
gad7easyannoyedscl,generalized anxiety disorder (gad-7) - easily annoyed scale,Generalized Anxiety Disorder 7-item (GAD-7),Generalized Anxiety Disorder (GAD2),Wrong CRF,,Close Match: gad7easyannoyedscl (CRF Mismatch),,Match,Close PV/Encoding Match: gad2notstopwryscl (Score: 100.0),100,No Match
gad7feelafrdscl,generalized anxiety disorder (gad-7) - feeling afraid scale,Generalized Anxiety Disorder (GAD-7),Generalized Anxiety Disorder (GAD2),Wrong CRF,,Close Match: gad7feelafrdscl (CRF Mismatch),,Match,Close PV/Encoding Match: gad2notstopwryscl (Score: 100.0),100,No Match
gad7_n,gad variables count,Generalized Anxiety Disorder 7-item (GAD-7),Generalized Anxiety Disorder (GAD2),Not in CDE,,No Close Match Found,,No Comparison Possible,No Comparison Possible,,No Match
gad7_nmiss,gad variables missing count,Generalized Anxiety Disorder (GAD),Generalized Anxiety Disorder (GAD2),Not in CDE,,No Close Match Found,,No Comparison Possible,No Comparison Possible,,No Match
gad7totscore,generalized anxiety disorder (gad-7) - total score,Generalized Anxiety Disorder (GAD-7),Generalized Anxiety Disorder (GAD2),Wrong CRF,,Close Match: gad7totscore (CRF Mismatch),,Match,Both PV/Encoding missing,,No Match
pgicsymptomchangestatval,patient global impression of change (pgic) symptom change status value,Patient Global Impression of Change (PGIC),Patient Global Impression of Change Pain (PGIC),Wrong CRF,,Close Match: pgicsymptomchangestatval (CRF Mismatch),,Match,Close PV/Encoding Match: pgicsymptomchangestatval (Score: 100.0),100,No Match
phqlitintrstscore,patient health questionnaire (phq) - little interest score,Patient Health Questionnaire-9 (PHQ-9),Patient Health Questionnaire 2 (PHQ2),Wrong CRF (via Fuzzy Match),,Close Match: phqlitintrstscore (Fuzzy CRF Match),,Match,"PV Mismatch: False, Encoding Mismatch: True",,Mismatch
phqdeprssnscore,patient health questionnaire (phq) - depressed score,Patient Health Questionnaire-9 (PHQ-9),Patient Health Questionnaire 2 (PHQ2),Wrong CRF (via Fuzzy Match),,Close Match: phqdeprssnscore (Fuzzy CRF Match),,Match,"PV Mismatch: False, Encoding Mismatch: True",,Mismatch
phqtirdlittleenrgyscore, patient health questionnaire (phq) - tired little energy score,Patient Health Questionnaire (PHQ-9),Patient Health Questionnaire 2 (PHQ2),Wrong CRF,,Close Match: phqtirdlittleenrgyscore (CRF Mismatch),,Match,Close PV/Encoding Match: gad2notstopwryscl (Score: 100.0),100,No Match
pseqenjoyscl,pain self efficacy questionnaire (pseq) enjoy scale ,Pain Self-Efficacy Questionnaire (PSEQ),No CRF match,Not in CDE,,No Close Match Found,,No Comparison Possible,No Comparison Possible,,No Match
pseqhousechorescl,pain self efficacy questionnaire (pseq) household chores scale ,Pain Self Efficacy Questionnaire (PSEQ),No CRF match,Not in CDE,,No Close Match Found,,No Comparison Possible,No Comparison Possible,,No Match
pseqsocializescl,pain self efficacy questionnaire (pseq) socialize scale ,Pain Self-Efficacy Questionnaire (PSEQ),No CRF match,Not in CDE,,No Close Match Found,,No Comparison Possible,No Comparison Possible,,No Match
pseqcopescl,pain self efficacy questionnaire (pseq) cope scale ,Pain Self Efficacy Questionnaire (PSEQ),No CRF match,Not in CDE,,No Close Match Found,,No Comparison Possible,No Comparison Possible,,No Match
pseqworkscl,pain self efficacy questionnaire (pseq) work in some form scale ,Pain Self-Efficacy Questionnaire (PSEQ),No CRF match,Not in CDE,,No Close Match Found,,No Comparison Possible,No Comparison Possible,,No Match
pseqleisurescl,pain self efficacy questionnaire (pseq) leisure activity scale ,Pain Self Efficacy Questionnaire (PSEQ),No CRF match,Not in CDE,,No Close Match Found,,No Comparison Possible,No Comparison Possible,,No Match
pseqcopenomedsscl,pain self efficacy questionnaire (pseq) cope without medications scale ,Pain Self-Efficacy Questionnaire (PSEQ),No CRF match,Not in CDE,,No Close Match Found,,No Comparison Possible,No Comparison Possible,,No Match
pseqlifegoalsscl,pain self efficacy questionnaire (pseq) life goals scale ,Pain Self Efficacy Questionnaire (PSEQ),No CRF match,Not in CDE,,No Close Match Found,,No Comparison Possible,No Comparison Possible,,No Match
pseq2normlifestylescl,pain self efficacy questionnaire (pseq) live a normal lifestyle scale ,Pain Self-Efficacy Questionnaire (PSEQ),No CRF match,Not in CDE,,No Close Match Found,,No Comparison Possible,No Comparison Possible,,No Match
pseqmoreactivescl,pain self efficacy questionnaire (pseq) more active scale ,Pain Self Efficacy Questionnaire (PSEQ),No CRF match,Not in CDE,,No Close Match Found,,No Comparison Possible,No Comparison Possible,,No Match
pseq_n,pseq variables count,Pain Self-Efficacy Questionnaire (PSEQ),No CRF match,Not in CDE,,No Close Match Found,,No Comparison Possible,No Comparison Possible,,No Match
pseq_nmiss,pseq variables missing count,Pain Self-Efficacy Questionnaire (PSEQ),No CRF match,Not in CDE,,No Close Match Found,,No Comparison Possible,No Comparison Possible,,No Match
pseqtotalscore,pain self efficacy questionnaire (pseq) total score,Pain Self Efficacy Questionnaire (PSEQ),No CRF match,Not in CDE,,Close Match: phqtotalscore (CRF Mismatch),Patient Health Questionnaire -(PHQ) - Depression questionnaire total score,No Comparison Possible,No Comparison Possible,,Close
phqabnrmldietscore,patient health questionnaire (phq) - abnormal diet score,Patient Health Questionnaire (PHQ),Patient Health Questionnaire 2 (PHQ2),Wrong CRF,,Close Match: phqabnrmldietscore (CRF Mismatch),,Match,Close PV/Encoding Match: gad2notstopwryscl (Score: 100.0),100,No Match
phqflngfailrscore,patient health questionnaire (phq) - feeling failure score,Patient Health Questionnaire-9 (PHQ-9),Patient Health Questionnaire 2 (PHQ2),Wrong CRF,,Close Match: phqflngfailrscore (CRF Mismatch),,Match,Close PV/Encoding Match: gad2notstopwryscl (Score: 100.0),100,No Match
phqconcntrtnimprmntscore,patient health questionnaire (phq) - concentration impairment score,Patient Health Questionnaire (PHQ),Patient Health Questionnaire 2 (PHQ2),Wrong CRF,,Close Match: phqconcntrtnimprmntscore (CRF Mismatch),,Match,Close PV/Encoding Match: gad2notstopwryscl (Score: 100.0),100,No Match
phqmovmntspchimprmntscore,patient health questionnaire (phq) - movement speech impairment score,Patient Health Questionnaire (PHQ-9),Patient Health Questionnaire 2 (PHQ2),Wrong CRF,,Close Match: phqmovmntspchimprmntscore (CRF Mismatch),,Match,Close PV/Encoding Match: gad2notstopwryscl (Score: 100.0),100,No Match
phq8_n,phq variables count,Patient Health Questionnaire (PHQ),Patient Health Questionnaire 2 (PHQ2),Not in CDE,,No Close Match Found,,No Comparison Possible,No Comparison Possible,,No Match
phq8_nmiss,phq variables missing count,Patient Health Questionnaire (PHQ),Patient Health Questionnaire 2 (PHQ2),Not in CDE,,No Close Match Found,,No Comparison Possible,No Comparison Possible,,No Match
phqtotalscore,patient health questionnaire -(phq) - depression questionnaire total score,Patient Health Questionnaire-9 (PHQ-9),Patient Health Questionnaire 2 (PHQ2),Wrong CRF,,Close Match: phqtotalscore (CRF Mismatch),,Match,Both PV/Encoding missing,,No Match
pcqworrypainendscl,pain catastrophizing questionnaire - worry all the time whether the pain will end scale,Pain Catastrophizing Scale (PCS),PCS 6,Not in CDE,,Close Match: pcspworrypainendscale (CRF Mismatch),Pain Catastrophizing Scale - Child (PCS-C) Worry Whether Pain will End Scale,No Comparison Possible,No Comparison Possible,,Close
pcqcannotgoonscl,pain catastrophizing questionnaire - feel cannot go on scale,Pain Catastrophizing Scale (PCS),PCS 6,Not in CDE,,No Close Match Found,Pain Catastrophizing Scale - Child (PCS-C) Feel Cannot Go On Scale,No Comparison Possible,No Comparison Possible,,Close
pcqpainneverbetterscl,pain catastrophizing questionnaire - think pain is never going to get better scale,Pain Catastrophizing Scale (PCS),PCS 6,Not in CDE,,No Close Match Found,Pain Catastrophizing Scale - Parent (PCS-P) Never Get Better Scale,No Comparison Possible,No Comparison Possible,,Close
pcqpainawfulovrwhlmscl,pain catastrophizing questionnaire - pain awful overwhelms scale,Pain Catastrophizing Scale (PCS),PCS 6,Not in CDE,,No Close Match Found,,No Comparison Possible,No Comparison Possible,,No Match
pcqfeelcantwithstandscl,pain catastrophizing questionnaire - feel cannot withstand scale,Pain Catastrophizing Scale (PCS),PCS 6,Not in CDE,,No Close Match Found,,No Comparison Possible,No Comparison Possible,,No Match
pcqafraidpainworsescl,pain catastrophizing questionnaire - afraid pain will get worse scale,Pain Catastrophizing Scale (PCS),PCS 6,Not in CDE,,No Close Match Found,Pain Catastrophizing Scale - Child (PCS-C) Fear Pain will Worsen Scale,No Comparison Possible,No Comparison Possible,,Close
pcqotherpaineventscl,pain catastrophizing questionnaire - thinking of other painful events scale,Pain Catastrophizing Scale (PCS),PCS 6,Not in CDE,,Close Match: pcspothrpaineventscale (CRF Mismatch),Pain Catastrophizing Scale - Child (PCS-C) Thinking of Other Painful Events Scale,No Comparison Possible,No Comparison Possible,,Close
pcqanxiouspainawayscl,pain catastrophizing questionnaire - anxiously want the pain to go away scale,Pain Catastrophizing Scale (PCS),PCS 6,Not in CDE,,No Close Match Found,Pain Catastrophizing Scale - Child (PCS-C) Wants Pain to Go Away Scale,No Comparison Possible,No Comparison Possible,,Close
pcqmindscl,pain catastrophizing questionnaire - cannot keep out of mind scale,Pain Catastrophizing Scale (PCS),PCS 6,Not in CDE,,No Close Match Found,,No Comparison Possible,No Comparison Possible,,No Match
pcqhurtscl,pain catastrophizing questionnaire - keep thinking how much it hurts scale,Pain Catastrophizing Scale (PCS),PCS 6,Not in CDE,,No Close Match Found,,No Comparison Possible,No Comparison Possible,,No Match
pcqpainstopscl,pain catastrophizing questionnaire - keep thinking want the pain to stop scale,Pain Catastrophizing Scale (PCS),PCS 6,Not in CDE,,No Close Match Found,Pain Catastrophizing Scale - Child (PCS-C) Want Pain to Stop Scale,No Comparison Possible,No Comparison Possible,,Close
pcqreduceintensityscl,pain catastrophizing questionnaire - nothing i can do to reduce the intensity scale,Pain Catastrophizing Scale (PCS),PCS 6,Not in CDE,,No Close Match Found,,No Comparison Possible,No Comparison Possible,,No Match
pcqseriousscl,pain catastrophizing questionnaire - wonder whether something serious may happen scale,Pain Catastrophizing Scale (PCS),PCS 6,Not in CDE,,No Close Match Found,,No Comparison Possible,No Comparison Possible,,No Match
pcqtotalscoreval,pain catastrophizing questionnaire - total score value,Pain Catastrophizing Scale (PCS),PCS 6,Not in CDE,,Close Match: phqtotalscore (CRF Mismatch),Patient Health Questionnaire -(PHQ) - Depression questionnaire total score,No Comparison Possible,No Comparison Possible,,Close
peg_n,peg score variables count,PEG Score Questionnaire,PEG Pain,Not in CDE,,No Close Match Found,,No Comparison Possible,No Comparison Possible,,No Match
peg_nmiss,peg score missing variables count,PEG Score Questionnaire,PEG Pain,Not in CDE,,No Close Match Found,,No Comparison Possible,No Comparison Possible,,No Match
peg_total,peg total score,PEG Scale,PEG Pain,Not in CDE,,No Close Match Found,,No Comparison Possible,No Comparison Possible,,No Match
nscapracupuncture1b,use of nonpharmacological and self-care approaches (nscap) revised- acupuncture pain scale,NSCAP Revised- Acupuncture Pain Scale,PEG Pain,Not in CDE,,No Close Match Found,,No Comparison Possible,No Comparison Possible,,No Match
nscaprphysicaltherapy1b,use of nonpharmacological and self-care approaches (nscap) revised- physical therapy pain scale,NSCAP Revised- Physical Therapy Pain Scale,PEG Pain,Not in CDE,,No Close Match Found,,No Comparison Possible,No Comparison Possible,,No Match
nscaprmassage1b,use of nonpharmacological and self-care approaches (nscap) revised- massage pain scale,NSCAP Massage Pain Scale,PEG Pain,Not in CDE,,No Close Match Found,Age ,No Comparison Possible,No Comparison Possible,,Close
nscap12d,how effective was it for your pain?,Pain Effectiveness Questionnaire,PEG Pain,Not in CDE,,No Close Match Found,,No Comparison Possible,No Comparison Possible,,No Match
nscap13d,how effective was it for your pain?,Pain Effectiveness Questionnaire,PEG Pain,Not in CDE,,No Close Match Found,,No Comparison Possible,No Comparison Possible,,No Match
nscap14d,how effective was it for your pain?,Pain Effectiveness Questionnaire,PEG Pain,Not in CDE,,No Close Match Found,,No Comparison Possible,No Comparison Possible,,No Match
promisphfncstrsnrmpcabscl,patient-reported outcome measurement information system (promis) - physical function stairs normal pace ability scale,PROMIS Physical Function - Stairs,PROMIS Physical Function Pain,Wrong CRF,,Close Match: promisphfncstrsnrmpcabscl (CRF Mismatch),,Match,Close PV/Encoding Match: promisphysfuncchrsablscl (Score: 100.0),100,No Match
promisphysfunc2hrlbrscl,patient-reported outcome measurement information system (promis) - physical function limit two hours physical labor scale,PROMIS Physical Function,PROMIS Physical Function Pain,Wrong CRF,,Close Match: promisphysfunc2hrlbrscl (CRF Mismatch),,Match,Close PV/Encoding Match: promisphysfunc2hrlbrscl (Score: 100.0),100,No Match
physfunc_n,the physical function variables count,Physical Function Questionnaire,PROMIS Physical Function Pain,Not in CDE,,No Close Match Found,Patient-Reported Outcome Measurement Information System (PROMIS) -  Physical function chores ability scale,No Comparison Possible,No Comparison Possible,,Close
physfunc_nmiss,the physical function variables missing count,Physical Function Assessment Form,PROMIS Physical Function Pain,Not in CDE,,No Close Match Found,,No Comparison Possible,No Comparison Possible,,No Match
pcq_n,pcq variables count,PCQ Variables Count Form,No CRF match,Not in CDE,,No Close Match Found,,No Comparison Possible,No Comparison Possible,,No Match
pcq_nmiss,pcq variables missing count,PCQ Variables Missing Count,No CRF match,Not in CDE,,No Close Match Found,,No Comparison Possible,No Comparison Possible,,No Match
nscaprwalking1b,use of nonpharmacological and self-care approaches (nscap) revised- walking pain scale,Walking Pain Effectiveness Scale,PROMIS Physical Function Pain (PROMIS PF Pain),Not in CDE,,No Close Match Found,,No Comparison Possible,No Comparison Possible,,No Match
ace_i4,altarum consumer engagement (ace) measure time learning scale,ACE Measure Time Learning Scale,No CRF match,Not in CDE,,No Close Match Found,,No Comparison Possible,No Comparison Possible,,No Match
ace_c2,altarum consumer engagement (ace) measure keep healthy scale,Altarum Consumer Engagement (ACE),No CRF match,Not in CDE,,No Close Match Found,,No Comparison Possible,No Comparison Possible,,No Match
ace_n2,altarum consumer engagement (ace) measure comfortable talking scale,Altarum Consumer Engagement (ACE),No CRF match,Not in CDE,,No Close Match Found,,No Comparison Possible,No Comparison Possible,,No Match
ace_c3,altarum consumer engagement (ace) measure succeed improving health scale,Altarum Consumer Engagement (ACE),No CRF match,Not in CDE,,No Close Match Found,,No Comparison Possible,No Comparison Possible,,No Match
ace_n4,altarum consumer engagement (ace) measure brought information scale,Altarum Consumer Engagement (ACE),No CRF match,Not in CDE,,No Close Match Found,,No Comparison Possible,No Comparison Possible,,No Match
ace_i3,altarum consumer engagement (ace) measure look online scale,Altarum Consumer Engagement (ACE),No CRF match,Not in CDE,,No Close Match Found,,No Comparison Possible,No Comparison Possible,,No Match
ace_c1,altarum consumer engagement (ace) measure stick with plans scale,Altarum Consumer Engagement (ACE),No CRF match,Not in CDE,,No Close Match Found,,No Comparison Possible,No Comparison Possible,,No Match
ace_i2,altarum consumer engagement (ace) measure doctor compare scale,Altarum Consumer Engagement (ACE),No CRF match,Not in CDE,,No Close Match Found,,No Comparison Possible,No Comparison Possible,,No Match
ace_n1,altarum consumer engagement (ace) measure system experience scale,Altarum Consumer Engagement (ACE),No CRF match,Not in CDE,,No Close Match Found,,No Comparison Possible,No Comparison Possible,,No Match
ace_i1,altarum consumer engagement (ace) measure use ratings scale,Altarum Consumer Engagement (ACE),No CRF match,Not in CDE,,No Close Match Found,,No Comparison Possible,No Comparison Possible,,No Match
ace_n3,altarum consumer engagement (ace) measure choose what's right scale,Altarum Consumer Engagement (ACE),No CRF match,Not in CDE,,No Close Match Found,,No Comparison Possible,No Comparison Possible,,No Match
ace_c4,altarum consumer engagement (ace) measure handle health well scale,Altarum Consumer Engagement (ACE),No CRF match,Not in CDE,,No Close Match Found,,No Comparison Possible,No Comparison Possible,,No Match
ace_com_n,ace commitment variables count,ACE Commitment Questionnaire,No CRF match,Not in CDE,,No Close Match Found,,No Comparison Possible,No Comparison Possible,,No Match
ace_com_nmiss,ace commitment variables missing count,ACE Commitment Questionnaire,No CRF match,Not in CDE,,No Close Match Found,,No Comparison Possible,No Comparison Possible,,No Match
ace_com,altarum consumer engagement (ace)  domain score - com,Altarum Consumer Engagement (ACE),No CRF match,Not in CDE,,No Close Match Found,,No Comparison Possible,No Comparison Possible,,No Match
ace_info_n,ace informed choice variables count,ACE Informed Choice Questionnaire,No CRF match,Not in CDE,,No Close Match Found,,No Comparison Possible,No Comparison Possible,,No Match
ace_info_nmiss,ace informed choice variables missing count,ACE Informed Choice Questionnaire,No CRF match,Not in CDE,,No Close Match Found,,No Comparison Possible,No Comparison Possible,,No Match
ace_info,altarum consumer engagement (ace)  domain score - info,Altarum Consumer Engagement (ACE),No CRF match,Not in CDE,,No Close Match Found,,No Comparison Possible,No Comparison Possible,,No Match
ace_nav_n,ace navigation variables count,ACE Navigation Variables Count,No CRF match,Not in CDE,,No Close Match Found,,No Comparison Possible,No Comparison Possible,,No Match
ace_nav_nmiss,ace navigation variables missing count,ACE Navigation Variables Missing Count,No CRF match,Not in CDE,,No Close Match Found,,No Comparison Possible,No Comparison Possible,,No Match
ace_nav,altarum consumer engagement (ace)  domain score - nav,Altarum Consumer Engagement (ACE),No CRF match,Not in CDE,,No Close Match Found,,No Comparison Possible,No Comparison Possible,,No Match
ace_com25,altarum consumer engagement (ace)  domain score 25 point range - com,Altarum Consumer Engagement (ACE),No CRF match,Not in CDE,,No Close Match Found,,No Comparison Possible,No Comparison Possible,,No Match
ace_info25,altarum consumer engagement (ace)  domain score 25 point range - info,Altarum Consumer Engagement (ACE),No CRF match,Not in CDE,,No Close Match Found,,No Comparison Possible,No Comparison Possible,,No Match
ace_nav25,altarum consumer engagement (ace)  domain score 25 point range - nav,Altarum Consumer Engagement (ACE),No CRF match,Not in CDE,,No Close Match Found,,No Comparison Possible,No Comparison Possible,,No Match
ace_comquart,altarum consumer engagement (ace)  quartile - com,Altarum Consumer Engagement (ACE),No CRF match,Not in CDE,,No Close Match Found,,No Comparison Possible,No Comparison Possible,,No Match
ace_infoquart,altarum consumer engagement (ace)  quartile - info,Altarum Consumer Engagement (ACE),No CRF match,Not in CDE,,No Close Match Found,,No Comparison Possible,No Comparison Possible,,No Match
ace_navquart,altarum consumer engagement (ace)  quartile - nav,Altarum Consumer Engagement (ACE),No CRF match,Not in CDE,,No Close Match Found,,No Comparison Possible,No Comparison Possible,,No Match
ace_total,ace total,Adverse Childhood Experiences (ACE),No CRF match,Not in CDE,,No Close Match Found,,No Comparison Possible,No Comparison Possible,,No Match
ace25_total,ace_25 total,ACE-25 Questionnaire,No CRF match,Not in CDE,,No Close Match Found,,No Comparison Possible,No Comparison Possible,,No Match
nscapracupuncture,use of nonpharmacological and self-care approaches (nscap) revised- acupuncture,Use of Nonpharmacological and Self-Care Approaches (NSCAP),No CRF match,Not in CDE,,No Close Match Found,,No Comparison Possible,No Comparison Possible,,No Match
nscapracupuncture1a,use of nonpharmacological and self-care approaches (nscap) revised- acupuncture number of times,Use of Nonpharmacological and Self-Care Approaches (NSCAP),No CRF match,Not in CDE,,No Close Match Found,,No Comparison Possible,No Comparison Possible,,No Match
promisphysfuncchrsablscl,patient-reported outcome measurement information system (promis) -  physical function chores ability scale,PROMIS Physical Function - Chores Ability Scale,PROMIS Physical Function Pain (PROMIS PF Pain),Wrong CRF,,Close Match: promisphysfuncchrsablscl (CRF Mismatch),,Match,Close PV/Encoding Match: promisphysfuncchrsablscl (Score: 100.0),100,No Match
nscaprchiropracticmanipulation,use of nonpharmacological and self-care approaches (nscap) revised- chiropractic manipulation,Use of Nonpharmacological and Self-Care Approaches (NSCAP),No CRF match,Not in CDE,,No Close Match Found,,No Comparison Possible,No Comparison Possible,,No Match
nscaprchiropracticmanipulation1a,use of nonpharmacological and self-care approaches (nscap) revised- chiropractic manipulation number of times,Use of Nonpharmacological and Self-Care Approaches (NSCAP),No CRF match,Not in CDE,,No Close Match Found,,No Comparison Possible,No Comparison Possible,,No Match
nscaprchiropracticmanipulation1b,use of nonpharmacological and self-care approaches (nscap) revised- chiropractic manipulation pain scale,Chiropractic Manipulation Pain Scale,No CRF match,Not in CDE,,No Close Match Found,,No Comparison Possible,No Comparison Possible,,No Match
nscaprphysicaltherapy,use of nonpharmacological and self-care approaches (nscap) revised- physical therapy,Use of Nonpharmacological and Self-Care Approaches (NSCAP),No CRF match,Not in CDE,,No Close Match Found,,No Comparison Possible,No Comparison Possible,,No Match
nscaprphysicaltherapy1a,use of nonpharmacological and self-care approaches (nscap) revised- physical therapy number of times,Use of Nonpharmacological and Self-Care Approaches (NSCAP),No CRF match,Not in CDE,,No Close Match Found,,No Comparison Possible,No Comparison Possible,,No Match
promisphysfunc15mnwlkscl,patient-reported outcome measurement information system (promis) - physical function 15 minute walk scale,PROMIS Physical Function,PROMIS Physical Function Pain (PROMIS PF Pain),Wrong CRF,,Close Match: promisphysfunc15mnwlkscl (CRF Mismatch),,Match,Close PV/Encoding Match: promisphysfuncchrsablscl (Score: 100.0),100,No Match
nscaprmassage,use of nonpharmacological and self-care approaches (nscap) revised- massage,Use of Nonpharmacological and Self-Care Approaches (NSCAP),No CRF match,Not in CDE,,No Close Match Found,Age ,No Comparison Possible,No Comparison Possible,,Close
nscaprmassage1a,use of nonpharmacological and self-care approaches (nscap) revised- massage number of times,Use of Nonpharmacological and Self-Care Approaches (NSCAP),No CRF match,Not in CDE,,No Close Match Found,Age ,No Comparison Possible,No Comparison Possible,,Close
promisphysfunchswrkscl,patient-reported outcome measurement information system (promis) -  physical function moderate housework scale,PROMIS Physical Function - Moderate Housework Scale,PROMIS Physical Function Pain (PROMIS PF Pain),Wrong CRF,,Close Match: promisphysfunchswrkscl (CRF Mismatch),,Match,Close PV/Encoding Match: promisphysfunc2hrlbrscl (Score: 100.0),100,No Match
nscapryoga,use of nonpharmacological and self-care approaches (nscap) revised- yoga,Use of Nonpharmacological and Self-Care Approaches (NSCAP),No CRF match,Not in CDE,,No Close Match Found,,No Comparison Possible,No Comparison Possible,,No Match
nscapryoga1a,use of nonpharmacological and self-care approaches (nscap) revised- yoga number of times,Use of Nonpharmacological and Self-Care Approaches (NSCAP),No CRF match,Not in CDE,,No Close Match Found,,No Comparison Possible,No Comparison Possible,,No Match
nscapryoga1b,use of nonpharmacological and self-care approaches (nscap) revised- yoga pain scale,Yoga Pain Scale,No CRF match,Not in CDE,,No Close Match Found,,No Comparison Possible,No Comparison Possible,,No Match
nscaprtaichiorqigong,use of nonpharmacological and self-care approaches (nscap) revised- tai chi or qigong,Use of Nonpharmacological and Self-Care Approaches (NSCAP),No CRF match,Not in CDE,,No Close Match Found,,No Comparison Possible,No Comparison Possible,,No Match
nscaprtaichiorqigong1a,use of nonpharmacological and self-care approaches (nscap) revised- tai chi or qigong number of times,Use of Nonpharmacological and Self-Care Approaches (NSCAP),No CRF match,Not in CDE,,No Close Match Found,,No Comparison Possible,No Comparison Possible,,No Match
nscaprtaichiorqigong1b,use of nonpharmacological and self-care approaches (nscap) revised- tai chi or qigong pain scale,Tai Chi or Qigong Pain Effectiveness Scale,No CRF match,Not in CDE,,No Close Match Found,,No Comparison Possible,No Comparison Possible,,No Match
nscaprwalking,use of nonpharmacological and self-care approaches (nscap) revised- walking,Use of Nonpharmacological and Self-Care Approaches (NSCAP),No CRF match,Not in CDE,,No Close Match Found,,No Comparison Possible,No Comparison Possible,,No Match
nscaprwalking1a,use of nonpharmacological and self-care approaches (nscap) revised- walking number of times,Use of Nonpharmacological and Self-Care Approaches (NSCAP),No CRF match,Not in CDE,,No Close Match Found,,No Comparison Possible,No Comparison Possible,,No Match
promisphysfx6totalscore,patient-reported outcome measurement information system (promis) - physical function item total,PROMIS Physical Function,PROMIS Physical Function Pain (PROMIS PF Pain),Wrong CRF,,Close Match: promisphysfx6totalscore (CRF Mismatch),,Match,Close PV/Encoding Match: promisphysfx6totalscore (Score: 100.0),100,No Match
nscaprexercise,use of nonpharmacological and self-care approaches (nscap) revised- exercise,Exercise for Pain Management Questionnaire,No CRF match,Not in CDE,,No Close Match Found,,No Comparison Possible,No Comparison Possible,,No Match
nscaprexercise1a,use of nonpharmacological and self-care approaches (nscap) revised- exercise number of times,Use of Nonpharmacological and Self-Care Approaches (NSCAP),No CRF match,Not in CDE,,No Close Match Found,,No Comparison Possible,No Comparison Possible,,No Match
nscaprexercise1b,use of nonpharmacological and self-care approaches (nscap) revised- exercise pain scale,Exercise Pain Effectiveness Scale,No CRF match,Not in CDE,,No Close Match Found,,No Comparison Possible,No Comparison Possible,,No Match
nscaprrelaxation,use of nonpharmacological and self-care approaches (nscap) revised- relaxation,Relaxation Techniques Usage Questionnaire,No CRF match,Not in CDE,,No Close Match Found,,No Comparison Possible,No Comparison Possible,,No Match
nscaprrelaxation1a,use of nonpharmacological and self-care approaches (nscap) revised- relaxation number of times,Use of Nonpharmacological and Self-Care Approaches (NSCAP),No CRF match,Not in CDE,,No Close Match Found,,No Comparison Possible,No Comparison Possible,,No Match
nscaprrelaxation1b,use of nonpharmacological and self-care approaches (nscap) revised- relaxation pain scale,Relaxation Pain Scale,No CRF match,Not in CDE,,No Close Match Found,,No Comparison Possible,No Comparison Possible,,No Match
nscaprmedormind ,use of nonpharmacological and self-care approaches (nscap) revised- meditation or mindfulness ,Use of Nonpharmacological and Self-Care Approaches (NSCAP),No CRF match,Not in CDE,,No Close Match Found,,No Comparison Possible,No Comparison Possible,,No Match
nscaprmedormind1a,use of nonpharmacological and self-care approaches (nscap) revised- meditation or mindfulness  number of times,Use of Nonpharmacological and Self-Care Approaches (NSCAP),No CRF match,Not in CDE,,No Close Match Found,,No Comparison Possible,No Comparison Possible,,No Match
nscaprmedormind1b,use of nonpharmacological and self-care approaches (nscap) revised- meditation or mindfulness  pain scale,Meditation or Mindfulness Pain Effectiveness Scale,No CRF match,Not in CDE,,No Close Match Found,,No Comparison Possible,No Comparison Possible,,No Match
nscaprcbtoract,use of nonpharmacological and self-care approaches (nscap) revised- cbt or act,Use of Nonpharmacological and Self-Care Approaches (NSCAP),No CRF match,Not in CDE,,No Close Match Found,,No Comparison Possible,No Comparison Possible,,No Match
nscaprcbtoract1a,use of nonpharmacological and self-care approaches (nscap) revised- cbt or act number of times,Use of Nonpharmacological and Self-Care Approaches (NSCAP),No CRF match,Not in CDE,,No Close Match Found,,No Comparison Possible,No Comparison Possible,,No Match
nscaprcbtoract1b,use of nonpharmacological and self-care approaches (nscap) revised- cbt or act pain scale,NSCAP Revised- CBT or ACT Pain Scale,No CRF match,Not in CDE,,No Close Match Found,,No Comparison Possible,No Comparison Possible,,No Match
nscaprother1,use of nonpharmacological and self-care approaches (nscap) revised- other1,Use of Nonpharmacological and Self-Care Approaches (NSCAP),No CRF match,Not in CDE,,No Close Match Found,,No Comparison Possible,No Comparison Possible,,No Match
nscap12b,anything used for pain,Pain Management Questionnaire,No CRF match,Not in CDE,,No Close Match Found,,No Comparison Possible,No Comparison Possible,,No Match
nscap12c,frequency in past 3 months,Frequency Questionnaire,No CRF match,Not in CDE,,No Close Match Found,,No Comparison Possible,No Comparison Possible,,No Match
promisphysfx6tscore,patient-reported outcome measurement information system (promis) - physical function item total t-score,PROMIS Physical Function,PROMIS Physical Function Pain (PROMIS PF Pain),Wrong CRF,,Close Match: promisphysfx6tscore (CRF Mismatch),,Match,Both PV/Encoding missing,,No Match
nscaprother2,use of nonpharmacological and self-care approaches (nscap) revised- other2,Use of Nonpharmacological and Self-Care Approaches (NSCAP),No CRF match,Not in CDE,,No Close Match Found,,No Comparison Possible,No Comparison Possible,,No Match
nscap13b,anything used for pain,Pain Management Questionnaire,No CRF match,Not in CDE,,No Close Match Found,,No Comparison Possible,No Comparison Possible,,No Match
nscap13c,frequency in past 3 months,Frequency Questionnaire,No CRF match,Not in CDE,,No Close Match Found,,No Comparison Possible,No Comparison Possible,,No Match
phqsleepimpairscore,patient health questionnaire (phq) - sleep impairment score,Patient Health Questionnaire (PHQ),PROMIS Sleep Disturbance 6a,Wrong CRF,,Close Match: phqsleepimpairscore (CRF Mismatch),,Match,Close PV/Encoding Match: gad2notstopwryscl (Score: 100.0),100,No Match
nscaprother3,use of nonpharmacological and self-care approaches (nscap) revised- other3,Use of Nonpharmacological and Self-Care Approaches (NSCAP),No CRF match,Not in CDE,,No Close Match Found,,No Comparison Possible,No Comparison Possible,,No Match
nscap14b,anything used for pain,Pain Management Questionnaire,No CRF match,Not in CDE,,No Close Match Found,,No Comparison Possible,No Comparison Possible,,No Match
nscap14c,frequency in past 3 months,Frequency Questionnaire,No CRF match,Not in CDE,,No Close Match Found,,No Comparison Possible,No Comparison Possible,,No Match
promissleepqualityscl,patient-reported outcome measurement information system (promis) - sleep quality assessment past week scale,PROMIS Sleep Disturbance Short Form,PROMIS Sleep Disturbance 6a,Wrong CRF,,Close Match: promissleepqualityscl (CRF Mismatch),,Match,Close PV/Encoding Match: promissleepqualityscl (Score: 100.0),100,No Match
nscap_count,nscap procedures count,NSCAP Procedures Count Form,No CRF match,Not in CDE,,No Close Match Found,,No Comparison Possible,No Comparison Possible,,No Match
nscapother_count,nscap procedures other count,NSCAP Procedures Other Count,No CRF match,Not in CDE,,No Close Match Found,,No Comparison Possible,No Comparison Possible,,No Match
nscapi,nscapi,NSCAPi,No CRF match,Not in CDE,,No Close Match Found,,No Comparison Possible,No Comparison Possible,,No Match
nscapotheri,nscapotheri,NSCAPotheri,No CRF match,Not in CDE,,No Close Match Found,,No Comparison Possible,No Comparison Possible,,No Match
promissleepwasrefreshscl,patient-reported outcome measurement information system (promis) - sleep refresh assessment past week scale,PROMIS Sleep Disturbance Short Form,PROMIS Sleep Disturbance 6a,Wrong CRF,,Close Match: promissleepwasrefreshscl (CRF Mismatch),,Match,Close PV/Encoding Match: promissleepwasrefreshscl (Score: 100.0),100,No Match
promisproblemwithslpscl,patient-reported outcome measurement information system (promis) - sleep problem assessment past week scale,PROMIS Sleep Disturbance Short Form,PROMIS Sleep Disturbance 6a,Wrong CRF,,Close Match: promisproblemwithslpscl (CRF Mismatch),,Match,Close PV/Encoding Match: promisproblemwithslpscl (Score: 100.0),100,No Match
promisdifficltfallaslpscl,patient-reported outcome measurement information system (promis) - sleep difficulty assessment past week scale,PROMIS Sleep Disturbance Short Form,PROMIS Sleep Disturbance 6a,Wrong CRF,,Close Match: promisdifficltfallaslpscl (CRF Mismatch),,Match,Close PV/Encoding Match: promisproblemwithslpscl (Score: 100.0),100,No Match
promisslpwasrestlessscl,patient-reported outcome measurement information system (promis) - sleep restlessness assessment past week scale,PROMIS Sleep Disturbance Short Form,PROMIS Sleep Disturbance 6a,Wrong CRF,,Close Match: promisslpwasrestlessscl (CRF Mismatch),,Match,Close PV/Encoding Match: promisproblemwithslpscl (Score: 100.0),100,No Match
promistryhardgettoslpscl,patient-reported outcome measurement information system (promis) - sleep determination assessment past week scale,PROMIS Sleep Disturbance Short Form,PROMIS Sleep Disturbance 6a,Wrong CRF,,Close Match: promistryhardgettoslpscl (CRF Mismatch),,Match,Close PV/Encoding Match: promisproblemwithslpscl (Score: 100.0),100,No Match
promisslpdist6_n,promis sleep disturbance variables count,PROMIS Sleep Disturbance,PROMIS Sleep Disturbance 6a,Not in CDE,,No Close Match Found,Patient-Reported Outcome Measurement Information System (PROMIS) - sleep disturbance 6a item total,No Comparison Possible,No Comparison Possible,,Close
wais_agree,wais agree,WAIS Agreement Scale,No CRF match,Not in CDE,,No Close Match Found,Race,No Comparison Possible,No Comparison Possible,,Close
wais_look,wais new ways of looking,WAIS (Wechsler Adult Intelligence Scale),No CRF match,Not in CDE,,No Close Match Found,,No Comparison Possible,No Comparison Possible,,No Match
wais_likes,wais therapist liked me,Therapeutic Alliance Questionnaire,No CRF match,Not in CDE,,No Close Match Found,,No Comparison Possible,No Comparison Possible,,No Match
wais_accomplish,wais try to accomplish,WAIS (Wechsler Adult Intelligence Scale),No CRF match,Not in CDE,,No Close Match Found,Race,No Comparison Possible,No Comparison Possible,,Close
wais_confident,wais confident help,WAIS (Working Alliance Inventory - Short Form),No CRF match,Not in CDE,,No Close Match Found,,No Comparison Possible,No Comparison Possible,,No Match
wais_mutualgoal,wais mutual goals,Working Alliance Inventory (WAI),No CRF match,Not in CDE,,No Close Match Found,,No Comparison Possible,No Comparison Possible,,No Match
wais_appreciate,wais therapist appreciated me,WAIS Appreciation Questionnaire,No CRF match,Not in CDE,,No Close Match Found,Race,No Comparison Possible,No Comparison Possible,,Close
wais_imptwork,wais agree important,Working Alliance Inventory (WAI),No CRF match,Not in CDE,,No Close Match Found,,No Comparison Possible,No Comparison Possible,,No Match
wais_trust,wais trusted each other,Trust Questionnaire,No CRF match,Not in CDE,,No Close Match Found,,No Comparison Possible,No Comparison Possible,,No Match
wais_problem,wais different problems,WAIS-IV (Wechsler Adult Intelligence Scale - Fourth Edition),No CRF match,Not in CDE,,No Close Match Found,,No Comparison Possible,No Comparison Possible,,No Match
wais_changes,wais kind of change good for me,WAIS (Wechsler Adult Intelligence Scale),No CRF match,Not in CDE,,No Close Match Found,,No Comparison Possible,No Comparison Possible,,No Match
wais_correct,wais way working correct,Working Alliance Inventory (WAI),No CRF match,Not in CDE,,No Close Match Found,,No Comparison Possible,No Comparison Possible,,No Match
wais_goal_n,count of wais goal subscale variables,WAIS Goal Subscale Count,No CRF match,Not in CDE,,No Close Match Found,,No Comparison Possible,No Comparison Possible,,No Match
wais_task_n,count of wais task subscale variables,WAIS (Wechsler Adult Intelligence Scale),No CRF match,Not in CDE,,No Close Match Found,,No Comparison Possible,No Comparison Possible,,No Match
wais_bond_n,count of wais bond subscale variables,WAIS Bond Subscale Count,No CRF match,Not in CDE,,No Close Match Found,,No Comparison Possible,No Comparison Possible,,No Match
wais_total_n,count of wais total variables,WAIS (Wechsler Adult Intelligence Scale),No CRF match,Not in CDE,,No Close Match Found,,No Comparison Possible,No Comparison Possible,,No Match
wais_goal_nmiss,count of wais goal subscale missing variables,WAIS Goal Subscale Missing Variables Count,No CRF match,Not in CDE,,No Close Match Found,,No Comparison Possible,No Comparison Possible,,No Match
wais_task_nmiss,count of wais task subscale missing variables,WAIS Task Subscale Missing Variables Count,No CRF match,Not in CDE,,No Close Match Found,,No Comparison Possible,No Comparison Possible,,No Match
wais_bond_nmiss,count of wais bond subscale missing variables,WAIS Bond Subscale Missing Variables Count,No CRF match,Not in CDE,,No Close Match Found,,No Comparison Possible,No Comparison Possible,,No Match
wais_total_nmiss,count of wais total missing variables,WAIS Total Missing Variables Count,No CRF match,Not in CDE,,No Close Match Found,,No Comparison Possible,No Comparison Possible,,No Match
wais_goalscl,wais subscale goal,WAIS (Wechsler Adult Intelligence Scale),No CRF match,Not in CDE,,No Close Match Found,,No Comparison Possible,No Comparison Possible,,No Match
wais_taskscl,wais subscale task,WAIS (Wechsler Adult Intelligence Scale),No CRF match,Not in CDE,,No Close Match Found,,No Comparison Possible,No Comparison Possible,,No Match
wais_bondscl,wais subscale bond,WAIS (Wechsler Adult Intelligence Scale),No CRF match,Not in CDE,,No Close Match Found,,No Comparison Possible,No Comparison Possible,,No Match
wais_score,wais total score,WAIS (Wechsler Adult Intelligence Scale),No CRF match,Not in CDE,,No Close Match Found,,No Comparison Possible,No Comparison Possible,,No Match
peppi5raskdr,revised perceived efficacy in patient-physician interaction  know what question to ask doctor scale,Perceived Efficacy in Patient-Physician Interactions (PEPPI),No CRF match,Not in CDE,,No Close Match Found,,No Comparison Possible,No Comparison Possible,,No Match
peppi5rgetans,revised perceived efficacy in patient-physician interaction get answers scale,Perceived Efficacy in Patient-Physician Interaction (PEPPI),No CRF match,Not in CDE,,No Close Match Found,,No Comparison Possible,No Comparison Possible,,No Match
peppi5rmakemost,revised perceived efficacy in patient-physician interaction make most of visit scale,Make the Most of Visits Scale,No CRF match,Not in CDE,,No Close Match Found,,No Comparison Possible,No Comparison Possible,,No Match
peppi5rcncrnsrsly,revised perceived efficacy in patient-physician interaction take concerns seriously scale,Perceived Efficacy in Patient-Physician Interaction (PEPPI),No CRF match,Not in CDE,,No Close Match Found,,No Comparison Possible,No Comparison Possible,,No Match
peppi5rdosomething,revised perceived efficacy in patient-physician interaction do something about concerns scale,Perceived Efficacy in Patient-Physician Interaction (PEPPI),No CRF match,Not in CDE,,No Close Match Found,,No Comparison Possible,No Comparison Possible,,No Match
peppi5_n,the count of peppi variables,PEPPI Questionnaire,No CRF match,Not in CDE,,No Close Match Found,,No Comparison Possible,No Comparison Possible,,No Match
peppi5_nmiss,the count of peppi missing variables,PEPPI (Perceived Efficacy in Patient-Physician Interactions),No CRF match,Not in CDE,,No Close Match Found,,No Comparison Possible,No Comparison Possible,,No Match
peppi5rscore,revised perceived efficacy in patient-physician interaction total score,Perceived Efficacy in Patient-Physician Interaction (PEPPI),No CRF match,Not in CDE,,No Close Match Found,Patient Health Questionnaire (PHQ) - Sleep impairment score,No Comparison Possible,No Comparison Possible,,Close
collabrunderstand,collaborate (revised)  effort for understanding scale,CollaboRATE,No CRF match,Not in CDE,,No Close Match Found,,No Comparison Possible,No Comparison Possible,,No Match
collabrlisten,collaborate (revised)  effort to listen scale,CollaboRATE,No CRF match,Not in CDE,,No Close Match Found,,No Comparison Possible,No Comparison Possible,,No Match
collabrinclude,collaborate (revised)  effort to include what matters scale,CollaboRATE,No CRF match,Not in CDE,,No Close Match Found,,No Comparison Possible,No Comparison Possible,,No Match
collab_n,the count of collaborate variables,Collaborate Variables Count Form,No CRF match,Not in CDE,,No Close Match Found,,No Comparison Possible,No Comparison Possible,,No Match
collab_nmiss,the missing count of colloborate variables,Missing Data Report,No CRF match,Not in CDE,,No Close Match Found,,No Comparison Possible,No Comparison Possible,,No Match
collabrscore,collaborate (revised)  overall score,CollaboRATE,No CRF match,Not in CDE,,No Close Match Found,,No Comparison Possible,No Comparison Possible,,No Match
pdhlesscourtesy,perceived discrimination in healthcare - less courtesy,Perceived Discrimination in Healthcare Questionnaire,No CRF match,Not in CDE,,No Close Match Found,,No Comparison Possible,No Comparison Possible,,No Match
pdhlessrespect,perceived discrimination in healthcare - less respect,Perceived Discrimination in Healthcare,No CRF match,Not in CDE,,No Close Match Found,,No Comparison Possible,No Comparison Possible,,No Match
promisslpdist6_nmiss,promis sleep disturbance missing variables count,PROMIS Sleep Disturbance,PROMIS Sleep Disturbance 6a,Not in CDE,,No Close Match Found,Patient-Reported Outcome Measurement Information System (PROMIS) - sleep disturbance 6a item total t-score,No Comparison Possible,No Comparison Possible,,Close
pdhthinksnotsmart,perceived discrimination in healthcare - thinks not smart,Perceived Discrimination in Healthcare,No CRF match,Not in CDE,,No Close Match Found,,No Comparison Possible,No Comparison Possible,,No Match
pdhactsafraid,perceived discrimination in healthcare - acts afraid,Perceived Discrimination in Healthcare,No CRF match,Not in CDE,,No Close Match Found,,No Comparison Possible,No Comparison Possible,,No Match
promisslpdist6totalscore,patient-reported outcome measurement information system (promis) - sleep disturbance 6a item total,PROMIS Sleep Disturbance Short Form,PROMIS Sleep Disturbance 6a,Wrong CRF,,Close Match: promisslpdist6totalscore (CRF Mismatch),,Match,Close PV/Encoding Match: promisphysfx6totalscore (Score: 100.0),100,No Match
promisslpdist6tscore,patient-reported outcome measurement information system (promis) - sleep disturbance 6a item total t-score,PROMIS Sleep Disturbance Short Form,PROMIS Sleep Disturbance 6a,Wrong CRF,,Close Match: promisslpdist6tscore (CRF Mismatch),,Match,Both PV/Encoding missing,,No Match
pdh_n,the count of pdh variables,PDH Variables Count,No CRF match,Not in CDE,,No Close Match Found,SDOH,No Comparison Possible,No Comparison Possible,,Close
pdh_nmiss,the missing count of pdh variables,Missing Data Report,No CRF match,Not in CDE,,No Close Match Found,,No Comparison Possible,No Comparison Possible,,No Match
pdhtotalscore,perceived discrimination in healthcare - total score,Perceived Discrimination in Healthcare Questionnaire,No CRF match,Not in CDE,,Close Match: phqtotalscore (CRF Mismatch),Patient Health Questionnaire -(PHQ) - Depression questionnaire total score,No Comparison Possible,No Comparison Possible,,Close
genidentoth ,gender identification other type text,Gender Identification Questionnaire,SDOH Demographics,Wrong CRF,,Close Match: genidentoth  (CRF Mismatch),,Match,Both PV/Encoding missing,,No Match
empstat,employment status,Employment Status Questionnaire,SDOH Demographics,Wrong CRF,,Close Match: empstat (CRF Mismatch),,Match,"PV Mismatch: True, Encoding Mismatch: True",,Mismatch
empstat_2___1,not employed,Employment Status Questionnaire,SDOH Demographics,Not in CDE,,No Close Match Found,Employment status,No Comparison Possible,No Comparison Possible,,Close
promisphyfncerndshpablscl,patient-reported outcome measurement information system (promis) - physical function errands shopping ability scale,PROMIS Physical Function - Errands and Shopping,No CRF match,Wrong CRF,,Close Match: promisphyfncerndshpablscl (CRF Mismatch),,Match,Close PV/Encoding Match: promisphysfuncchrsablscl (Score: 100.0),100,No Match
empstat_2___2,not employed,Employment Status Questionnaire,SDOH Demographics,Not in CDE,,No Close Match Found,Employment status,No Comparison Possible,No Comparison Possible,,Close
empstat_2___3,not employed,Employment Status Questionnaire,SDOH Demographics,Not in CDE,,No Close Match Found,Employment status,No Comparison Possible,No Comparison Possible,,Close
empstat_2___4,not employed,Employment Status Questionnaire,SDOH Demographics,Not in CDE,,No Close Match Found,Employment status,No Comparison Possible,No Comparison Possible,,Close
empstat_2___5,not employed,Employment Status Questionnaire,SDOH Demographics,Not in CDE,,No Close Match Found,Employment status,No Comparison Possible,No Comparison Possible,,Close
empstat_2___6,not employed,Employment Status Questionnaire,SDOH Demographics,Not in CDE,,No Close Match Found,Employment status,No Comparison Possible,No Comparison Possible,,Close
empstat_3,"not employed: other, specify:",Employment Status,SDOH Demographics,Not in CDE,,Close Match: empstat (CRF Mismatch),Employment status,No Comparison Possible,No Comparison Possible,,Close
incmlvl,annual household income range,Household Income Questionnaire,SDOH Demographics,Wrong CRF,,Close Match: incmlvl (CRF Mismatch),,Match,Close PV/Encoding Match: incmlvl (Score: 100.0),100,No Match
incmlvl_2,household income comfort level,Household Income Comfort Level,SDOH Demographics,Not in CDE,,Close Match: incmlvl (CRF Mismatch),Annual household income range,No Comparison Possible,No Comparison Possible,,Close
pdhpoorerservices,perceived discrimination in healthcare - poorer services,Perceived Discrimination in Healthcare Questionnaire,SDOH Demographics,Not in CDE,,No Close Match Found,,No Comparison Possible,No Comparison Possible,,No Match
pdhbetterthan,perceived discrimination in healthcare - better than,Perceived Discrimination in Healthcare,SDOH Demographics,Not in CDE,,No Close Match Found,,No Comparison Possible,No Comparison Possible,,No Match
pdhnotlistening,perceived discrimination in healthcare - not listening,Perceived Discrimination in Healthcare Questionnaire,SDOH Demographics,Not in CDE,,No Close Match Found,,No Comparison Possible,No Comparison Possible,,No Match
sleepnighthourdur,"sleep night hour duration
",Sleep Duration Questionnaire,Sleep Duration Pain,Not in CDE,,Close Match: sleepnighthourmindur (CRF Mismatch),Sleep night hours minutes duration,No Comparison Possible,No Comparison Possible,,Close
sleepnightmindur,sleep night minute duration,Sleep Diary or Sleep Log,Sleep Duration Pain,Not in CDE,,Close Match: sleepnighthourmindur (CRF Mismatch),Sleep night hours minutes duration,No Comparison Possible,No Comparison Possible,,Close
sleepnighthourmindur,"sleep night hours minutes duration
",Sleep Duration Questionnaire,Sleep Duration Pain,Wrong CRF,,Close Match: sleepnighthourmindur (CRF Mismatch),,Match,Both PV/Encoding missing,,No Match
tapstobaccoproductscl,tobacco alcohol prescription medications and other substance (taps) -  tobacco product use scale,Tobacco Alcohol Prescription medications and other Substance (TAPS),TAPS Pain,Wrong CRF,,Close Match: tapstobaccoproductscl (CRF Mismatch),,Match,Close PV/Encoding Match: tapstobaccoproductscl (Score: 100.0),100,No Match
tapsalcoholusemalescl,tobacco alcohol prescription medications and other substance (taps) - alcohol use male scale,TAPS - Alcohol Use Male Scale,TAPS Pain,Wrong CRF,,Close Match: tapsalcoholusemalescl (CRF Mismatch),,Match,Close PV/Encoding Match: tapsalcoholusemalescl (Score: 100.0),100,No Match
tapsalcoholusefemalescl,tobacco alcohol prescription medications and other substance (taps) - alcohol use female scale,Tobacco Alcohol Prescription medications and other Substance (TAPS),TAPS Pain,Wrong CRF,,Close Match: tapsalcoholusefemalescl (CRF Mismatch),,Match,Close PV/Encoding Match: tapsalcoholusemalescl (Score: 100.0),100,No Match
tapsdrugusescl,tobacco alcohol prescription medications and other substance (taps) - drug use scale,TAPS - Drug Use Scale,TAPS Pain,Wrong CRF,,Close Match: tapsdrugusescl (CRF Mismatch),,Match,Close PV/Encoding Match: tapstobaccoproductscl (Score: 100.0),100,No Match
tapsprescriptionmedusescl,tobacco alcohol prescription medications and other substance (taps) - prescription medication use scale,Tobacco Alcohol Prescription medications and other Substance (TAPS),TAPS Pain,Wrong CRF,,Close Match: tapsprescriptionmedusescl (CRF Mismatch),,Match,Close PV/Encoding Match: tapstobaccoproductscl (Score: 100.0),100,No Match
tapsoverallyn,tobacco alcohol prescription medications and other substance (taps) - overall taps possible substance use indicator,"TAPS Tool (Tobacco, Alcohol, Prescription medications, and other Substances)",TAPS Pain,Wrong CRF,,Close Match: tapsoverallyn (CRF Mismatch),,Match,Close PV/Encoding Match: tapsoverallyn (Score: 100.0),100,No Match
group,coaching session group,Coaching Session Group Selection Form,No CRF match,Not in CDE,,No Close Match Found,,No Comparison Possible,No Comparison Possible,,No Match
session1,coaching session 1,Coaching Session Questionnaire,No CRF match,Not in CDE,,No Close Match Found,,No Comparison Possible,No Comparison Possible,,No Match
sessiondate1,coaching session 1 date,Coaching Session Tracking Form,No CRF match,Not in CDE,,No Close Match Found,,No Comparison Possible,No Comparison Possible,,No Match
session2,coaching session 2,Coaching Session Feedback Form,No CRF match,Not in CDE,,No Close Match Found,,No Comparison Possible,No Comparison Possible,,No Match
sessiondate2,coaching session 2 date,Coaching Session Schedule,No CRF match,Not in CDE,,No Close Match Found,,No Comparison Possible,No Comparison Possible,,No Match
session3,coaching session 3,Coaching Session Questionnaire,No CRF match,Not in CDE,,No Close Match Found,,No Comparison Possible,No Comparison Possible,,No Match
sessiondate3,coaching session 3 date,Coaching Session Schedule,No CRF match,Not in CDE,,No Close Match Found,,No Comparison Possible,No Comparison Possible,,No Match
session4,coaching session 4,Coaching Session Questionnaire,No CRF match,Not in CDE,,No Close Match Found,,No Comparison Possible,No Comparison Possible,,No Match
sessiondate4,coaching session 4 date,Coaching Session Schedule,No CRF match,Not in CDE,,No Close Match Found,,No Comparison Possible,No Comparison Possible,,No Match
pcp_appointment,pcp visit,Primary Care Physician (PCP),No CRF match,Not in CDE,,No Close Match Found,,No Comparison Possible,No Comparison Possible,,No Match
pcp_date,pcp appointment date ,Primary Care Physician (PCP),No CRF match,Not in CDE,,No Close Match Found,,No Comparison Possible,No Comparison Possible,,No Match
rfendat,off study date,Off Study Form,No CRF match,Not in CDE,,No Close Match Found,,No Comparison Possible,No Comparison Possible,,No Match
rfenrsn,off study reason,Off Study Reason,No CRF match,Not in CDE,,No Close Match Found,,No Comparison Possible,No Comparison Possible,,No Match
bl_assessment_date_completed,baseline assessment date completed,Baseline Assessment Form,No CRF match,Not in CDE,,No Close Match Found,Race,No Comparison Possible,No Comparison Possible,,Close
assessment_date_completedm3,month-3 assessment date completed,Month-3 Follow-Up Assessment,No CRF match,Not in CDE,,No Close Match Found,,No Comparison Possible,No Comparison Possible,,No Match
assessment_date_completedm6,month-6 assessment date completed,Follow-Up Assessment Form,No CRF match,Not in CDE,,No Close Match Found,,No Comparison Possible,No Comparison Possible,,No Match
medication,medication,Medication Administration Record (MAR),No CRF match,Not in CDE,,No Close Match Found,,No Comparison Possible,No Comparison Possible,,No Match
start_date,start date,Medication Administration Record (MAR),No CRF match,Not in CDE,,No Close Match Found,,No Comparison Possible,No Comparison Possible,,No Match
end_date,end date,Medication Log,No CRF match,Not in CDE,,No Close Match Found,,No Comparison Possible,No Comparison Possible,,No Match
form,form,Medication Administration Record (MAR),No CRF match,Not in CDE,,No Close Match Found,,No Comparison Possible,No Comparison Possible,,No Match
route,route,Medication Administration Record (MAR),No CRF match,Not in CDE,,No Close Match Found,,No Comparison Possible,No Comparison Possible,,No Match
refills,refills,Medication Refill Questionnaire,No CRF match,Not in CDE,,No Close Match Found,,No Comparison Possible,No Comparison Possible,,No Match
quantity,quantity,Medication Quantity Form,No CRF match,Not in CDE,,No Close Match Found,The World Health Organization Quality of Life (WHOQOL-BREF) quality of life scale,No Comparison Possible,No Comparison Possible,,Close
therapeutic_class,therapeutic class,Medication Classification Form,No CRF match,Not in CDE,,No Close Match Found,,No Comparison Possible,No Comparison Possible,,No Match
pharmaceutical_class,pharmaceutical class,Medication Classification Form,No CRF match,Not in CDE,,No Close Match Found,,No Comparison Possible,No Comparison Possible,,No Match
pharmaceutical_subclass,pharmaceutical subclass,Medication Classification,No CRF match,Not in CDE,,No Close Match Found,,No Comparison Possible,No Comparison Possible,,No Match
total_mme_per_fill,total mme per fill,Morphine Milligram Equivalents (MME),No CRF match,Not in CDE,,No Close Match Found,,No Comparison Possible,No Comparison Possible,,No Match
opioid_bl,opioid bl,Baseline Opioid Use Questionnaire,No CRF match,Not in CDE,,No Close Match Found,,No Comparison Possible,No Comparison Possible,,No Match
opioid_3months,opioid 3months,Opioid Use Follow-Up,No CRF match,Not in CDE,,No Close Match Found,,No Comparison Possible,No Comparison Possible,,No Match
opioid_6months,opioid 6months,Opioid 6-Month Follow-Up Questionnaire,No CRF match,Not in CDE,,No Close Match Found,,No Comparison Possible,No Comparison Possible,,No Match
